{
    "ts": "2023-02-02 22:06:37.956376",
    "cosmos": {
        "total_supply": null,
        "max_supply": null,
        "total_volume": 309987667,
        "current_price": 14.64,
        "fully_diluted_valuation": null,
        "fully_diluted_valuation_calc": null,
        "capitalization_tokens": 4283461438.433546
    },
    "cardano": {
        "total_supply": 45000000000.0,
        "max_supply": 45000000000.0,
        "total_volume": 595749376,
        "current_price": 0.407018,
        "fully_diluted_valuation": 18253080493,
        "fully_diluted_valuation_calc": 18315810000.0,
        "capitalization_tokens": 14263954288.31657
    },
    "tron": {
        "total_supply": 91792483240.5214,
        "max_supply": null,
        "total_volume": 463156233,
        "current_price": 0.064776,
        "fully_diluted_valuation": 5933981838,
        "fully_diluted_valuation_calc": null,
        "capitalization_tokens": 5945947698.271733
    },
    "eos": {
        "total_supply": null,
        "max_supply": null,
        "total_volume": 147221218,
        "current_price": 1.099,
        "fully_diluted_valuation": null,
        "fully_diluted_valuation_calc": null,
        "capitalization_tokens": 1201417898.2669382
    },
    "near": {
        "total_supply": 1000000000.0,
        "max_supply": 1000000000.0,
        "total_volume": 269933458,
        "current_price": 2.52,
        "fully_diluted_valuation": 2513935216,
        "fully_diluted_valuation_calc": 2520000000.0,
        "capitalization_tokens": 2149052939.881256
    },
    "binancecoin": {
        "total_supply": 157219628.63,
        "max_supply": 200000000.0,
        "total_volume": 1393965111,
        "current_price": 330.09,
        "fully_diluted_valuation": 65743022001,
        "fully_diluted_valuation_calc": 66017999999.99999,
        "capitalization_tokens": 44542452460.2084
    },
    "polkadot": {
        "total_supply": 1279619547.91323,
        "max_supply": null,
        "total_volume": 413387639,
        "current_price": 6.72,
        "fully_diluted_valuation": 8581021239,
        "fully_diluted_valuation_calc": null,
        "capitalization_tokens": 8055071856.594469
    },
    "elrond-erd-2": {
        "total_supply": 24950276.0,
        "max_supply": 31415926.0,
        "total_volume": 52425987,
        "current_price": 46.13,
        "fully_diluted_valuation": 1441791277,
        "fully_diluted_valuation_calc": 1449216666.38,
        "capitalization_tokens": 1150718570.1200001
    },
    "avalanche-2": {
        "total_supply": 420401879.673916,
        "max_supply": 720000000.0,
        "total_volume": 918112211,
        "current_price": 22.26,
        "fully_diluted_valuation": 15896508285,
        "fully_diluted_valuation_calc": 16027200000.000002,
        "capitalization_tokens": 7011827437.239525
    },
    "the-graph": {
        "total_supply": 10000000000.0,
        "max_supply": 10000000000.0,
        "total_volume": 82757674,
        "current_price": 0.098315,
        "fully_diluted_valuation": 977021335,
        "fully_diluted_valuation_calc": 983150000.0,
        "capitalization_tokens": 874352383.448915
    },
    "stellar": {
        "total_supply": 50001787472.7584,
        "max_supply": 50001787472.7584,
        "total_volume": 75994024,
        "current_price": 0.093609,
        "fully_diluted_valuation": 4669277825,
        "fully_diluted_valuation_calc": 4680617323.537441,
        "capitalization_tokens": 2462209661.6109986
    },
    "oasis-network": {
        "total_supply": null,
        "max_supply": null,
        "total_volume": null,
        "current_price": null,
        "fully_diluted_valuation": null,
        "fully_diluted_valuation_calc": null,
        "capitalization_tokens": null
    },
    "matic-network": {
        "total_supply": 10000000000.0,
        "max_supply": 10000000000.0,
        "total_volume": 909964264,
        "current_price": 1.23,
        "fully_diluted_valuation": 12273055087,
        "fully_diluted_valuation_calc": 12300000000.0,
        "capitalization_tokens": 11076726955.220463
    },
    "tezos": {
        "total_supply": null,
        "max_supply": null,
        "total_volume": 35234760,
        "current_price": 1.13,
        "fully_diluted_valuation": null,
        "fully_diluted_valuation_calc": null,
        "capitalization_tokens": 1037011419.6343657
    },
    "helium": {
        "total_supply": null,
        "max_supply": null,
        "total_volume": null,
        "current_price": null,
        "fully_diluted_valuation": null,
        "fully_diluted_valuation_calc": null,
        "capitalization_tokens": null
    },
    "internet-computer": {
        "total_supply": 494531278.104057,
        "max_supply": 469213710.0,
        "total_volume": 94412188,
        "current_price": 5.98,
        "fully_diluted_valuation": 2798268349,
        "fully_diluted_valuation_calc": 2805897985.8,
        "capitalization_tokens": 1702481591.5089893
    },
    "axie-infinity": {
        "total_supply": 270000000.0,
        "max_supply": 270000000.0,
        "total_volume": 161041864,
        "current_price": 11.65,
        "fully_diluted_valuation": 3132897356,
        "fully_diluted_valuation_calc": 3145500000.0,
        "capitalization_tokens": 1342088155.3033504
    },
    "request": {
        "total_supply": null,
        "max_supply": null,
        "total_volume": null,
        "current_price": null,
        "fully_diluted_valuation": null,
        "fully_diluted_valuation_calc": null,
        "capitalization_tokens": null
    },
    "decentraland": {
        "total_supply": 2193225927.32015,
        "max_supply": 2193225927.32015,
        "total_volume": 282366252,
        "current_price": 0.812046,
        "fully_diluted_valuation": 1776964563,
        "fully_diluted_valuation_calc": 1781000341.3766186,
        "capitalization_tokens": 1478288879.3673844
    },
    "the-sandbox": {
        "total_supply": 3000000000.0,
        "max_supply": 3000000000.0,
        "total_volume": 208163177,
        "current_price": 0.772017,
        "fully_diluted_valuation": 2320465101,
        "fully_diluted_valuation_calc": 2316051000.0,
        "capitalization_tokens": 1225601712.2888508
    },
    "optimism": {
        "total_supply": 4294967296.0,
        "max_supply": 4294967296.0,
        "total_volume": 680489634,
        "current_price": 3.03,
        "fully_diluted_valuation": 13000585953,
        "fully_diluted_valuation_calc": 13013750906.88,
        "capitalization_tokens": 650687545.344
    },
    "zilliqa": {
        "total_supply": 17135651845.9498,
        "max_supply": 21000000000.0,
        "total_volume": 70679647,
        "current_price": 0.02929264,
        "fully_diluted_valuation": 613631310,
        "fully_diluted_valuation_calc": 615145440.0,
        "capitalization_tokens": 471220320.0263416
    },
    "flow": {
        "total_supply": 1410062299.22528,
        "max_supply": 1410062299.22528,
        "total_volume": 58278160,
        "current_price": 1.15,
        "fully_diluted_valuation": 1617077740,
        "fully_diluted_valuation_calc": 1621571644.109072,
        "capitalization_tokens": 1191630000.0
    }
}